NOME_CURSO;NOME_SETOR;NOME_CAMPUS;CURSO_GRAU;CURSO_TURNO;CURSO_ANO;CURSO_VAGAS_PS;CURSO_INSCRITOS_PS;CURSO_APROVADOS_PS_TOTAL;CURSO_INGRESSANTES_PS_TOTAL;CURSO_REL_CAND_VAGA;CURSO_VAGAS_SISU;CURSO_INGRESSANTES_SISU_TOTAL;CURSO_INGRESSANTES_PROVAR_TOTAL;CURSO_INGRESSANTES_OUTROS_TOTAL;CURSO_MATRICULADOS_ANO;CURSO_EVADIDOS_TOTAL;CURSO_CONCLUINTES_TOTAL
Administração;Setor de Ciências Sociais Aplicadas;Campus Jardim Botânico;Bacharelado;M;2023;88;338;107;95;3.8;22;11;3;2;470.0;88;30
Administração;Setor de Ciências Sociais Aplicadas;Campus Jardim Botânico;Bacharelado;N;2023;88;337;107;95;3.79;22;12;0;1;453.0;74;31
Administração Pública;Setor de Ciências Sociais Aplicadas;Campus Jardim Botânico;Bacharelado;EaD;2023;0;0;0;0;0.0;0;0;0;0;22.5;5;2
Administração Pública;Setor Litoral;Campus Litoral (Matinhos);Bacharelado;N;2023;32;53;36;5;1.61;8;2;0;22;96.5;27;9
Agroecologia;Setor Litoral;Campus Litoral (Matinhos);Tecnológico;M;2023;28;19;13;9;0.66;7;2;0;15;69.0;32;1
Agronomia;Setor de Ciências Agrárias;Campus Cabral (Agrárias);Bacharelado;I;2023;106;267;125;104;2.5;26;18;7;7;635.0;155;84
Agronomia;Setor Palotina;Campus Palotina;Bacharelado;I;2023;64;162;92;77;2.49;16;6;0;4;374.5;99;68
Análise e Desenvolvimento de Sistemas;Setor de Educação Profissional e Tecnológica;SEPT;Tecnológico;N;2023;64;604;70;65;9.29;16;15;0;3;316.0;65;17
Análise e Desenvolvimento de Sistemas;Setor de Educação Profissional e Tecnológica;SEPT;Tecnológico;T;2023;32;234;38;33;7.09;8;8;0;0;171.0;35;12
Arquitetura e Urbanismo;Setor de Tecnologia;Campus Centro Politécnico;Bacharelado;I;2023;48;911;57;53;18.59;12;8;2;6;386.0;59;45
Artes;Setor Litoral;Campus Litoral (Matinhos);Licenciatura;M;2023;24;38;24;22;1.52;6;1;0;0;80.0;27;10
Artes Visuais;Setor de Artes, Comunicação e Design;Campus Juvevê (SACOD);Bacharelado;M;2023;13;194;19;17;13.86;3;1;1;1;79.0;18;9
Artes Visuais;Setor de Artes, Comunicação e Design;Campus Juvevê (SACOD);Licenciatura;M;2023;13;65;19;16;4.64;3;1;0;1;84.5;23;9
Biomedicina;Setor de Ciências Biológicas;Campus Centro Politécnico;Bacharelado;I;2023;24;636;32;28;25.44;6;5;0;3;155.5;32;23
Ciência da Computação;Setor de Ciências Exatas;Campus Centro Politécnico;Bacharelado;I;2023;64;1361;74;67;20.94;16;14;4;6;457.5;54;20
Ciências;Setor Litoral;Campus Litoral (Matinhos);Licenciatura;N;2023;28;16;11;11;0.55;7;2;0;18;59.5;26;6
Ciências Ambientais;Setor Litoral;Campus Litoral (Matinhos);Bacharelado;I;2023;32;18;12;2;0.55;8;1;0;38;87.0;28;5
Ciências Biológicas;Setor de Ciências Biológicas;Campus Centro Politécnico;Bacharelado;M;2023;48;322;60;0;6.57;12;0;0;0;39.5;21;21
Ciências Biológicas;Setor de Ciências Biológicas;Campus Centro Politécnico;Bacharelado;N;2023;48;161;58;0;3.29;12;0;0;0;53.5;29;28
Ciências Biológicas;Setor de Ciências Biológicas;Campus Centro Politécnico;Licenciatura;M;2023;48;322;60;0;6.57;12;0;0;1;42.0;24;21
Ciências Biológicas;Setor de Ciências Biológicas;Campus Centro Politécnico;Licenciatura;N;2023;48;161;58;0;3.29;12;0;0;1;39.0;24;20
Ciências Biológicas;Setor de Ciências Biológicas;Campus Centro Politécnico;Múltiplo;M;2023;48;322;60;9;6.57;12;0;2;60;269.5;28;2
Ciências Biológicas;Setor de Ciências Biológicas;Campus Centro Politécnico;Múltiplo;N;2023;48;161;58;7;3.29;12;1;1;55;265.0;41;3
Ciências Biológicas;Setor Palotina;Campus Palotina;Bacharelado;I;2023;48;23;14;0;0.47;12;0;0;0;57.0;21;15
Ciências Biológicas;Setor Palotina;Campus Palotina;Licenciatura;I;2023;48;23;14;0;0.47;12;0;0;1;25.0;10;8
Ciências Biológicas;Setor Palotina;Campus Palotina;Múltiplo;I;2023;48;23;14;13;0.47;12;6;0;39;41.0;38;0
Ciências Contábeis;Setor de Ciências Sociais Aplicadas;Campus Jardim Botânico;Bacharelado;N;2023;96;266;122;106;2.74;24;19;2;14;570.0;64;8
Ciências Econômicas;Setor de Ciências Sociais Aplicadas;Campus Jardim Botânico;Bacharelado;M;2023;64;210;84;73;3.23;16;8;1;3;375.5;61;15
Ciências Econômicas;Setor de Ciências Sociais Aplicadas;Campus Jardim Botânico;Bacharelado;N;2023;72;159;83;77;2.18;18;9;2;1;510.0;100;38
Ciências Exatas;Centro de Estudos do Mar;Campus Pontal do Paraná;Licenciatura (Física);N;2023;40;22;17;0;0.54;10;0;0;2;23.0;9;1
Ciências Exatas;Centro de Estudos do Mar;Campus Pontal do Paraná;Licenciatura (Matemática);N;2023;40;22;17;0;0.54;10;0;0;2;16.5;3;1
Ciências Exatas;Centro de Estudos do Mar;Campus Pontal do Paraná;Licenciatura (Química);N;2023;40;22;17;0;0.54;10;0;0;2;13.0;1;0
Ciências Exatas;Centro de Estudos do Mar;Campus Pontal do Paraná;Segunda Licenciatura;N;2023;40;22;17;0;0.54;10;0;0;2;13.0;1;0
Ciências Exatas;Jandaia;Campus Jandaia do Sul;Licenciatura (Física);T;2023;40;5;3;0;0.12;10;0;0;0;6.0;5;1
Ciências Exatas;Jandaia;Campus Jandaia do Sul;Licenciatura (Matemática);T;2023;40;5;3;0;0.12;10;0;0;0;10.0;3;3
Ciências Exatas;Jandaia;Campus Jandaia do Sul;Licenciatura (Química);T;2023;40;5;3;0;0.12;10;0;0;1;6.0;1;1
Ciências Exatas;Jandaia;Campus Jandaia do Sul;Segunda Licenciatura;T;2023;40;5;3;0;0.12;10;0;0;0;6.0;5;1
Ciências Exatas;Jandaia;Campus Jandaia do Sul;Segunda Licenciatura;T;2023;40;5;3;0;0.12;10;0;0;0;10.0;3;3
Ciências Exatas;Jandaia;Campus Jandaia do Sul;Segunda Licenciatura;T;2023;40;5;3;0;0.12;10;0;0;1;6.0;1;1
Ciências Exatas;Setor Palotina;Campus Palotina;Licenciatura (Física);N;2023;80;15;7;0;0.19;20;0;0;0;20.0;10;0
Ciências Exatas;Setor Palotina;Campus Palotina;Licenciatura (Matemática);N;2023;80;15;7;0;0.19;20;0;0;0;18.0;3;2
Ciências Exatas;Setor Palotina;Campus Palotina;Licenciatura (Química);N;2023;80;15;7;0;0.19;20;0;0;0;22.5;12;10
Ciências Exatas;Setor Palotina;Campus Palotina;Segunda Licenciatura;N;2023;80;15;7;0;0.19;20;0;0;0;20.0;10;0
Ciências Exatas;Setor Palotina;Campus Palotina;Segunda Licenciatura;N;2023;80;15;7;0;0.19;20;0;0;0;18.0;3;2
Ciências Exatas;Setor Palotina;Campus Palotina;Segunda Licenciatura;N;2023;80;15;7;0;0.19;20;0;0;0;22.5;12;10
Ciências Sociais;Setor de Ciências Humanas;Campus Centro - Reitoria;Bacharelado;M;2023;0;0;0;0;0.0;0;0;0;0;165.5;33;22
Ciências Sociais;Setor de Ciências Humanas;Campus Centro - Reitoria;Licenciatura;M;2023;0;0;0;0;0.0;0;0;0;0;107.0;50;13
Ciências Sociais;Setor de Ciências Humanas;Campus Centro - Reitoria;Múltiplo;M;2023;64;123;79;71;1.89;16;14;0;5;79.5;14;0
Computação;Jandaia;Campus Jandaia do Sul;Licenciatura;T;2023;40;11;3;3;0.27;10;1;0;40;43.0;39;2
Computação;Setor Palotina;Campus Palotina;Licenciatura;N;2023;40;25;19;16;0.61;10;6;0;23;73.0;21;0
Comunicação Institucional;Setor de Educação Profissional e Tecnológica;SEPT;Tecnológico;M;2023;36;39;34;30;1.05;9;5;0;3;130.5;57;34
Design de Produto;Setor de Artes, Comunicação e Design;Campus Juvevê (SACOD);Bacharelado;M;2023;26;81;32;27;3.0;7;6;0;4;187.0;20;2
Design Gráfico;Setor de Artes, Comunicação e Design;Campus Juvevê (SACOD);Bacharelado;I;2023;26;506;37;31;18.74;7;6;0;1;189.0;37;26
Direito;Setor de Ciências Jurídicas;Campus Centro - Santos Andrade;Bacharelado;M;2023;80;1577;103;98;19.47;20;5;1;6;539.0;113;87
Direito;Setor de Ciências Jurídicas;Campus Centro - Santos Andrade;Bacharelado;N;2023;80;973;91;90;12.01;20;12;0;10;550.0;120;94
Educação do Campo;Setor Litoral;Campus Litoral (Matinhos);Licenciatura;I;2023;0;0;0;39;0.0;0;0;0;0;119.0;60;18
Educação Física;Setor de Ciências Biológicas;Campus Centro Politécnico;Bacharelado;I;2023;0;0;0;0;0.0;0;0;0;0;250.5;46;32
Educação Física;Setor de Ciências Biológicas;Campus Centro Politécnico;Licenciatura;I;2023;0;0;0;0;0.0;0;0;0;0;245.0;50;23
Educação Física;Setor Litoral;Campus Litoral (Matinhos);Licenciatura;N;2023;28;107;48;10;3.69;7;1;0;23;163.0;21;5
Enfermagem;Setor de Ciências da Saúde;Campus Centro - Saúde;Bacharelado;I;2023;48;360;60;0;7.35;12;0;0;33;285.0;40;36
Enfermagem;Setor de Ciências da Saúde;Campus Centro - Saúde;Licenciatura;I;2023;48;360;60;0;7.35;12;0;0;0;10.0;10;10
Enfermagem;Setor de Ciências da Saúde;Campus Centro - Saúde;Múltiplo;I;2023;48;360;60;29;7.35;12;5;0;1;31.5;25;9
Engenharia Agrícola;Jandaia;Campus Jandaia do Sul;Bacharelado;M;2023;32;16;12;11;0.48;8;1;3;35;88.0;50;8
Engenharia Ambiental;Setor de Tecnologia;Campus Centro Politécnico;Bacharelado;I;2023;48;57;21;17;1.16;12;6;0;4;171.0;45;9
Engenharia Ambiental e Sanitária;Centro de Estudos do Mar;Campus Pontal do Paraná;Bacharelado;T;2023;32;28;19;17;0.85;8;3;0;15;132.5;34;11
Engenharia Cartográfica e de Agrimensura;Setor de Ciências da Terra;Campus Centro Politécnico;Bacharelado;I;2023;35;23;15;15;0.64;9;6;0;5;124.5;37;13
Engenharia Civil;Centro de Estudos do Mar;Campus Pontal do Paraná;Bacharelado;T;2023;32;67;16;15;2.03;8;1;0;29;182.5;61;15
Engenharia Civil;Setor de Tecnologia;Campus Centro Politécnico;Bacharelado;I;2023;133;397;153;124;2.96;33;16;0;11;847.0;141;89
Engenharia de Alimentos;Jandaia;Campus Jandaia do Sul;Bacharelado;M;2023;28;8;5;2;0.28;7;2;0;29;59.5;41;7
Engenharia de Aquicultura;Centro de Estudos do Mar;Campus Pontal do Paraná;Bacharelado;M;2023;24;15;9;8;0.6;6;6;0;16;61.5;22;3
Engenharia de Aquicultura;Setor Palotina;Campus Palotina;Bacharelado;I;2023;48;7;4;3;0.14;12;1;0;12;76.5;22;8
Engenharia de Bioprocessos e Biotecnologia;Setor de Tecnologia;Campus Centro Politécnico;Bacharelado;I;2023;36;109;47;33;2.95;9;5;0;15;232.0;53;30
Engenharia de Bioprocessos e Biotecnologia;Setor Palotina;Campus Palotina;Bacharelado;I;2023;52;20;15;15;0.38;13;3;0;43;131.5;72;15
Engenharia de Energia;Setor Palotina;Campus Palotina;Bacharelado;M;2023;48;20;14;9;0.41;12;5;0;35;107.5;47;6
Engenharia de Produção;Jandaia;Campus Jandaia do Sul;Bacharelado;T;2023;32;10;7;4;0.3;8;4;0;37;111.5;72;30
Engenharia de Produção;Setor de Tecnologia;Campus Centro Politécnico;Bacharelado;I;2023;48;177;58;54;3.61;12;6;0;1;317.0;25;6
Engenharia Elétrica;Setor de Tecnologia;Campus Centro Politécnico;Bacharelado;I;2023;80;209;108;89;2.58;20;13;0;15;427.5;111;20
Engenharia Elétrica;Setor de Tecnologia;Campus Centro Politécnico;Bacharelado;N;2023;40;136;52;43;3.32;10;6;0;10;295.5;66;27
Engenharia Florestal;Setor de Ciências Agrárias;Campus Jardim Botânico;Bacharelado;I;2023;64;33;29;27;0.51;16;12;1;7;317.0;82;40
Engenharia Industrial Madeireira;Setor de Ciências Agrárias;Campus Jardim Botânico;Bacharelado;I;2023;32;12;12;7;0.36;8;5;0;3;83.0;20;5
Engenharia Industrial Madeireira;Setor de Ciências Agrárias;Campus Jardim Botânico;Bacharelado;N;2023;32;28;22;12;0.85;8;7;0;1;100.5;28;3
Engenharia Mecânica;Setor de Tecnologia;Campus Centro Politécnico;Bacharelado;I;2023;86;391;123;92;4.49;22;15;4;4;545.5;107;37
Engenharia Mecânica;Setor de Tecnologia;Campus Centro Politécnico;Bacharelado;N;2023;72;318;88;79;4.36;18;9;0;0;509.5;85;31
Engenharia Química;Setor de Tecnologia;Campus Centro Politécnico;Bacharelado;I;2023;86;298;112;102;3.43;22;14;5;4;562.5;123;79
Estatística;Setor de Ciências Exatas;Campus Centro Politécnico;Bacharelado;N;2023;53;64;52;0;1.19;13;0;0;0;172.5;54;18
Expressão Gráfica;Setor de Ciências Exatas;Campus Centro Politécnico;Bacharelado;M;2023;35;28;23;20;0.78;9;7;0;2;124.0;24;8
Farmácia;Setor de Ciências da Saúde;Campus Jardim Botânico;Bacharelado;I;2023;86;306;130;99;3.52;22;10;4;6;555.5;110;69
Filosofia;Setor de Ciências Humanas;Campus Centro - Reitoria;Bacharelado;M;2023;32;40;31;0;1.21;8;0;0;3;24.0;12;12
Filosofia;Setor de Ciências Humanas;Campus Centro - Reitoria;Bacharelado;N;2023;40;78;51;0;1.9;10;0;0;2;34.5;18;15
Filosofia;Setor de Ciências Humanas;Campus Centro - Reitoria;Licenciatura;M;2023;32;40;31;0;1.21;8;0;0;0;68.5;13;3
Filosofia;Setor de Ciências Humanas;Campus Centro - Reitoria;Licenciatura;N;2023;40;78;51;0;1.9;10;0;0;1;82.0;21;5
Filosofia;Setor de Ciências Humanas;Campus Centro - Reitoria;Múltiplo;M;2023;32;40;31;25;1.21;8;5;0;1;49.0;17;3
Filosofia;Setor de Ciências Humanas;Campus Centro - Reitoria;Múltiplo;N;2023;40;78;51;36;1.9;10;7;1;2;77.5;35;4
Física;Setor de Ciências Exatas;Campus Centro Politécnico;Bacharelado;M;2023;56;109;52;0;1.91;14;0;0;0;192.0;56;20
Física;Setor de Ciências Exatas;Campus Centro Politécnico;Licenciatura;N;2023;72;57;42;33;0.78;18;14;0;6;219.5;80;14
Fisioterapia;Setor de Ciências Biológicas;Campus Centro Politécnico;Bacharelado;I;2023;40;352;60;51;8.59;10;4;1;3;215.5;31;16
Geografia;Setor de Ciências da Terra;Campus Centro Politécnico;Bacharelado;M;2023;27;34;28;0;1.21;7;0;0;2;41.0;21;17
Geografia;Setor de Ciências da Terra;Campus Centro Politécnico;Bacharelado;N;2023;32;39;30;0;1.18;8;0;0;0;39.5;9;6
Geografia;Setor de Ciências da Terra;Campus Centro Politécnico;Licenciatura;M;2023;27;34;28;0;1.21;7;0;0;0;62.5;27;16
Geografia;Setor de Ciências da Terra;Campus Centro Politécnico;Licenciatura;N;2023;32;39;30;0;1.18;8;0;0;0;75.0;27;17
Geografia;Setor de Ciências da Terra;Campus Centro Politécnico;Múltiplo;M;2023;27;34;28;26;1.21;7;6;0;1;36.0;3;1
Geografia;Setor de Ciências da Terra;Campus Centro Politécnico;Múltiplo;N;2023;32;39;30;27;1.18;8;5;0;0;45.5;8;2
Geografia;Setor Litoral;Campus Litoral (Matinhos);Licenciatura;N;2023;28;22;16;2;0.76;7;0;0;35;71.5;29;6
Geologia;Setor de Ciências da Terra;Campus Centro Politécnico;Bacharelado;I;2023;26;40;30;27;1.48;7;6;0;2;162.0;43;26
Gestão Ambiental;Setor Litoral;Campus Litoral (Matinhos);Bacharelado;M;2023;32;18;12;0;0.55;8;0;0;0;3.5;2;2
Gestão da Informação;Setor de Ciências Sociais Aplicadas;Campus Jardim Botânico;Bacharelado;M;2023;48;74;58;51;1.51;12;9;1;2;198.5;48;23
Gestão da Qualidade;Setor de Educação Profissional e Tecnológica;SEPT;Tecnológico;N;2023;36;35;27;27;0.95;9;6;0;2;125.0;35;15
Gestão de Turismo;Setor Litoral;Campus Litoral (Matinhos);Tecnológico;N;2023;28;15;10;8;0.52;7;5;0;25;65.0;21;1
Gestão e Empreendedorismo;Setor Litoral;Campus Litoral (Matinhos);Bacharelado;N;2023;0;0;0;0;0.0;0;0;0;0;38.0;16;8
Gestão Imobiliária;Setor Litoral;Campus Litoral (Matinhos);Tecnológico;N;2023;0;0;0;0;0.0;0;0;0;0;29.0;10;4
Gestão Pública;Setor de Educação Profissional e Tecnológica;SEPT;Tecnológico;N;2023;36;21;14;13;0.57;9;3;0;2;103.0;42;17
História;Setor de Ciências Humanas;Campus Centro - Reitoria;Bacharelado;T;2023;32;261;38;0;7.91;8;0;0;0;11.0;3;3
História;Setor de Ciências Humanas;Campus Centro - Reitoria;Licenciatura;T;2023;32;261;38;0;7.91;8;0;0;1;104.0;14;11
História;Setor de Ciências Humanas;Campus Centro - Reitoria;Múltiplo;T;2023;32;261;38;35;7.91;8;7;3;3;62.5;21;9
História - Memória e Imagem;Setor de Ciências Humanas;Campus Centro - Reitoria;Bacharelado;N;2023;32;47;30;28;1.42;8;5;0;0;140.0;40;7
Informática Biomédica;Setor de Ciências Exatas;Campus Centro Politécnico;Bacharelado;I;2023;24;66;28;25;2.64;6;6;0;3;110.0;18;2
Jornalismo;Setor de Artes, Comunicação e Design;Campus Juvevê (SACOD);Bacharelado;I;2023;24;312;37;7;12.48;6;0;0;31;145.0;32;19
Letras - Francês;Setor de Ciências Humanas;Campus Centro - Reitoria;Bacharelado;N;2023;4;12;5;4;2.4;1;1;0;0;28.5;7;3
Letras - Inglês;Setor de Ciências Humanas;Campus Centro - Reitoria;Licenciatura;M;2023;16;54;18;16;3.18;4;2;1;1;56.5;5;1
Letras - Inglês;Setor de Ciências Humanas;Campus Centro - Reitoria;Licenciatura;N;2023;16;48;26;18;2.82;4;1;0;0;63.0;17;5
Letras - Italiano;Setor de Ciências Humanas;Campus Centro - Reitoria;Licenciatura;M;2023;16;11;9;6;0.65;4;2;0;1;30.5;10;3
Letras - Japonês;Setor de Ciências Humanas;Campus Centro - Reitoria;Bacharelado;N;2023;8;20;8;8;2.22;2;2;0;0;41.0;15;7
Letras - Libras;Setor de Ciências Humanas;Campus Centro - Reitoria;Licenciatura;N;2023;0;0;0;0;0.0;0;0;0;16;59.0;32;21
Letras - Polonês;Setor de Ciências Humanas;Campus Centro - Reitoria;Bacharelado;N;2023;4;4;2;2;0.8;1;0;0;0;12.0;4;3
Letras - Português;Setor de Ciências Humanas;Campus Centro - Reitoria;Bacharelado;M;2023;4;21;5;0;4.2;1;0;0;0;15.5;11;7
Letras - Português;Setor de Ciências Humanas;Campus Centro - Reitoria;Bacharelado;M;2023;4;21;5;5;4.2;1;0;0;0;24.0;12;3
Letras - Português;Setor de Ciências Humanas;Campus Centro - Reitoria;Bacharelado;N;2023;4;15;6;5;3.0;1;1;0;0;39.5;8;6
Letras - Português;Setor de Ciências Humanas;Campus Centro - Reitoria;Licenciatura;M;2023;0;0;0;0;0.0;0;0;0;0;20.0;10;6
Letras - Português;Setor de Ciências Humanas;Campus Centro - Reitoria;Licenciatura;N;2023;16;26;17;16;1.53;4;4;0;17;139.0;33;18
Letras - Português e Alemão;Setor de Ciências Humanas;Campus Centro - Reitoria;Licenciatura;M;2023;12;14;11;11;1.08;3;2;0;0;42.5;12;3
Letras - Português e Espanhol;Setor de Ciências Humanas;Campus Centro - Reitoria;Licenciatura;M;2023;12;11;9;9;0.85;3;2;0;1;58.5;19;10
Letras - Português e Espanhol ou Alemão ou Grego ou Latim;Setor de Ciências Humanas;Campus Centro - Reitoria;Bacharelado;M;2023;0;0;0;15;0.0;0;3;0;2;77.5;15;5
Letras - Português e Francês;Setor de Ciências Humanas;Campus Centro - Reitoria;Licenciatura;N;2023;0;0;0;11;0.0;0;2;0;0;48.5;15;4
Letras - Português e Japonês;Setor de Ciências Humanas;Campus Centro - Reitoria;Licenciatura;N;2023;8;14;11;7;1.56;2;1;0;2;35.5;12;6
Letras - Português e Polonês;Setor de Ciências Humanas;Campus Centro - Reitoria;Licenciatura;N;2023;0;0;0;4;0.0;0;1;0;0;15.0;5;2
Linguagem e Comunicação;Setor Litoral;Campus Litoral (Matinhos);Licenciatura;N;2023;28;13;13;0;0.45;7;0;0;37;50.0;23;1
Luteria;Setor de Educação Profissional e Tecnológica;SEPT;Tecnológico;I;2023;24;38;25;23;1.52;6;2;0;2;80.0;9;2
Matemática;Setor de Ciências Exatas;Campus Centro Politécnico;Bacharelado;T;2023;0;0;0;0;0.0;0;0;0;0;26.0;8;3
Matemática;Setor de Ciências Exatas;Campus Centro Politécnico;Licenciatura;N;2023;35;63;45;36;1.75;9;3;1;0;130.5;32;3
Matemática;Setor de Ciências Exatas;Campus Centro Politécnico;Licenciatura;T;2023;0;0;0;0;0.0;0;0;0;1;108.0;26;13
Matemática;Setor de Ciências Exatas;Campus Centro Politécnico;Múltiplo;T;2023;35;54;43;35;1.5;9;6;1;0;37.5;11;1
Matemática Industrial;Setor de Ciências Exatas;Campus Centro Politécnico;Bacharelado;T;2023;32;11;10;8;0.33;8;8;1;1;85.5;33;9
Medicina;Setor de Ciências da Saúde;Campus Centro - Saúde;Bacharelado;I;2023;152;9864;166;171;64.47;38;35;1;7;1265.0;123;89
Medicina;Toledo;Unidade Acadêmica Toledo;Bacharelado;I;2023;48;2146;58;66;43.8;12;7;1;4;385.5;45;29
Medicina Veterinária;Setor de Ciências Agrárias;Campus Cabral (Agrárias);Bacharelado;I;2023;48;979;54;59;19.98;12;7;0;5;347.0;61;44
Medicina Veterinária;Setor Palotina;Campus Palotina;Bacharelado;I;2023;64;287;84;79;4.42;16;4;2;3;450.0;95;80
Música;Setor de Artes, Comunicação e Design;Campus Batel;Bacharelado;T;2023;20;70;22;20;3.33;0;0;0;0;94.0;16;6
Música;Setor de Artes, Comunicação e Design;Campus Batel;Licenciatura;T;2023;20;38;23;20;1.81;0;0;0;0;70.0;5;2
Negócios Imobiliários;Setor de Educação Profissional e Tecnológica;SEPT;Tecnológico;N;2023;36;33;25;22;0.89;9;2;0;1;84.0;23;10
Nutrição;Setor de Ciências da Saúde;Campus Jardim Botânico;Bacharelado;I;2023;53;404;67;66;7.48;13;5;4;1;309.5;61;39
Oceanografia;Centro de Estudos do Mar;Campus Pontal do Paraná;Bacharelado;I;2023;32;48;33;28;1.45;8;2;0;0;131.5;29;15
Odontologia;Setor de Ciências da Saúde;Campus Jardim Botânico;Bacharelado;I;2023;74;626;92;83;8.35;18;10;0;2;467.5;102;37
Pedagogia;Setor de Educação;Campus Centro - Reitoria;Licenciatura;EaD;2023;0;0;0;77;0.0;0;0;0;196;225.5;77;4
Pedagogia;Setor de Educação;Campus Centro - Reitoria;Licenciatura;M;2023;56;117;68;63;2.05;14;11;0;5;357.0;67;41
Pedagogia;Setor de Educação;Campus Centro - Reitoria;Licenciatura;N;2023;80;137;87;74;1.69;20;12;0;0;468.0;113;65
Produção Cênica;Setor de Educação Profissional e Tecnológica;SEPT;Tecnológico;N;2023;0;0;0;0;0.0;0;0;0;0;65.0;21;8
Produção Cultural;Setor de Artes, Comunicação e Design;Campus Batel;Bacharelado;M;2023;16;41;16;16;2.41;4;2;0;0;30.0;1;0
Psicologia;Setor de Ciências Humanas;Campus Centro - Santos Andrade;Bacharelado;I;2023;64;1744;74;8;26.83;16;5;4;74;485.0;93;69
Publicidade e Propaganda;Setor de Artes, Comunicação e Design;Campus Juvevê (SACOD);Bacharelado;I;2023;24;337;31;28;13.48;6;4;0;0;156.0;24;18
Química;Setor de Ciências Exatas;Campus Centro Politécnico;Bacharelado;I;2023;53;90;58;0;1.67;13;0;0;2;176.0;46;28
Química;Setor de Ciências Exatas;Campus Centro Politécnico;Licenciatura;I;2023;53;90;58;0;1.67;13;0;0;1;32.5;13;12
Química;Setor de Ciências Exatas;Campus Centro Politécnico;Licenciatura;N;2023;40;52;37;4;1.27;0;0;1;15;100.5;29;12
Química;Setor de Ciências Exatas;Campus Centro Politécnico;Múltiplo;I;2023;53;90;58;54;1.67;13;6;0;1;70.0;21;8
Relações Públicas;Setor de Artes, Comunicação e Design;Campus Juvevê (SACOD);Bacharelado;I;2023;24;90;35;9;3.6;6;1;0;26;148.0;36;26
Saúde Coletiva;Setor Litoral;Campus Litoral (Matinhos);Bacharelado;M;2023;32;13;9;0;0.39;8;1;0;41;56.0;40;7
Secretariado;Setor de Educação Profissional e Tecnológica;SEPT;Tecnológico;N;2023;40;18;14;13;0.44;10;4;0;0;84.5;20;5
Serviço Social;Setor Litoral;Campus Litoral (Matinhos);Bacharelado;N;2023;28;61;34;5;2.1;7;0;0;25;137.0;46;19
Terapia Ocupacional;Setor de Ciências da Saúde;Campus Centro - Saúde;Bacharelado;I;2023;48;54;43;38;1.1;12;9;0;0;241.0;53;31
Terapia Ocupacional;Setor de Ciências da Saúde;Campus Centro - Saúde;Bacharelado;N;2023;48;87;57;55;1.78;12;4;0;4;251.0;51;18
Turismo;Setor de Ciências Humanas;Campus Rebouças;Bacharelado;N;2023;35;41;35;0;1.14;9;0;0;0;119.5;30;19
Zootecnia;Setor de Ciências Agrárias;Campus Cabral (Agrárias);Bacharelado;I;2023;48;62;22;16;1.27;12;5;1;7;214.0;52;29
